id;name;description;start_date;due_date
1;bleakly muscat when;../fake-data/blob/hipster.txt;2026-04-10;2026-04-10
2;past ugh tusk;../fake-data/blob/hipster.txt;2026-04-10;2026-04-10
3;excited;../fake-data/blob/hipster.txt;2026-04-10;2026-04-09
4;coolly topsail;../fake-data/blob/hipster.txt;2026-04-10;2026-04-09
5;instantly;../fake-data/blob/hipster.txt;2026-04-10;2026-04-09
6;supposing;../fake-data/blob/hipster.txt;2026-04-09;2026-04-10
7;frilly scarcely;../fake-data/blob/hipster.txt;2026-04-09;2026-04-10
8;hype;../fake-data/blob/hipster.txt;2026-04-10;2026-04-10
9;following excluding;../fake-data/blob/hipster.txt;2026-04-09;2026-04-10
10;above char watery;../fake-data/blob/hipster.txt;2026-04-10;2026-04-10
